Name,vs,ln,mmj,vbs,wxs,n25,nu,cfts,csc,ec,ecl,pgg,pmp,m,l,url,,,
♡Sweet Little Soldier♡,,,,,,,,0,0,0,0,0,1,,,../../i/proseka/costume/♡Sweet_Little_Soldier♡.webp,../../i/proseka/costume/,♡Sweet_Little_Soldier♡,.webp
39PUNK (F),0,0,0,0,0,0,1,1,0,0,0,0,0,0,1,../../i/proseka/costume/39PUNK_(F).webp,../../i/proseka/costume/,39PUNK_(F),.webp
39PUNK (M),0,0,0,0,0,0,1,1,0,0,0,0,0,1,0,../../i/proseka/costume/39PUNK_(M).webp,../../i/proseka/costume/,39PUNK_(M),.webp
Advance Tuxedo,,,,,,,,0,0,1,0,0,0,,,../../i/proseka/costume/Advance_Tuxedo.webp,../../i/proseka/costume/,Advance_Tuxedo,.webp
Aggressive Sleepwear,,,,,,,,0,0,0,0,0,1,,,../../i/proseka/costume/Aggressive_Sleepwear.webp,../../i/proseka/costume/,Aggressive_Sleepwear,.webp
Ambitious Journeys,,,,,,,,0,0,0,0,1,0,,,../../i/proseka/costume/Ambitious_Journeys.webp,../../i/proseka/costume/,Ambitious_Journeys,.webp
Ancient Counselor Clothing,,,,,,,,0,0,1,0,0,0,,,../../i/proseka/costume/Ancient_Counselor_Clothing.webp,../../i/proseka/costume/,Ancient_Counselor_Clothing,.webp
Angel Glint,,,,,,,,0,0,0,1,0,0,,,../../i/proseka/costume/Angel_Glint.webp,../../i/proseka/costume/,Angel_Glint,.webp
Angel of Believing,,,,,,,,0,0,1,0,0,0,,,../../i/proseka/costume/Angel_of_Believing.webp,../../i/proseka/costume/,Angel_of_Believing,.webp
Angel of Hope,,,,,,,,0,0,1,0,0,0,,,../../i/proseka/costume/Angel_of_Hope.webp,../../i/proseka/costume/,Angel_of_Hope,.webp
Archaic Alchemist,,,,,,,,0,0,1,0,0,0,,,../../i/proseka/costume/Archaic_Alchemist.webp,../../i/proseka/costume/,Archaic_Alchemist,.webp
Aurora Rainbow Coat,,,,,,,,0,0,1,0,0,0,,,../../i/proseka/costume/Aurora_Rainbow_Coat.webp,../../i/proseka/costume/,Aurora_Rainbow_Coat,.webp
Autumn Camp Jacket,,,,,,,,0,0,1,0,0,0,,,../../i/proseka/costume/Autumn_Camp_Jacket.webp,../../i/proseka/costume/,Autumn_Camp_Jacket,.webp
Ayakashi Tsubaki,,,,,,,,0,0,0,0,0,1,,,../../i/proseka/costume/Ayakashi_Tsubaki.webp,../../i/proseka/costume/,Ayakashi_Tsubaki,.webp
Baby Goat's Frilly Dress,,,,,,,,0,0,0,1,0,0,,,../../i/proseka/costume/Baby_Goats_Frilly_Dress.webp,../../i/proseka/costume/,Baby_Goats_Frilly_Dress,.webp
Beast Heart Buddy,,,,,,,,0,0,1,0,0,0,,,../../i/proseka/costume/Beast_Heart_Buddy.webp,../../i/proseka/costume/,Beast_Heart_Buddy,.webp
Beast Heart Girl,,,,,,,,0,0,1,0,0,0,,,../../i/proseka/costume/Beast_Heart_Girl.webp,../../i/proseka/costume/,Beast_Heart_Girl,.webp
Beat Rider,,,,,,,,0,0,1,0,0,0,,,../../i/proseka/costume/Beat_Rider.webp,../../i/proseka/costume/,Beat_Rider,.webp
Beckoning Fairy,,,,,,,,0,0,1,0,0,0,,,../../i/proseka/costume/Beckoning_Fairy.webp,../../i/proseka/costume/,Beckoning_Fairy,.webp
Belief Live Suit,,,,,,,,0,0,1,0,0,0,,,../../i/proseka/costume/Belief_Live_Suit.webp,../../i/proseka/costume/,Belief_Live_Suit,.webp
Believe in Style,,,,,,,,0,0,1,0,0,0,,,../../i/proseka/costume/Believe_in_Style.webp,../../i/proseka/costume/,Believe_in_Style,.webp
Bewitching Sister Flowery Dress,,,,,,,,0,0,1,0,0,0,,,../../i/proseka/costume/Bewitching_Sister_Flowery_Dress.webp,../../i/proseka/costume/,Bewitching_Sister_Flowery_Dress,.webp
Black Cat Starlight,,,,,,,,0,0,0,0,0,1,,,../../i/proseka/costume/Black_Cat_Starlight.webp,../../i/proseka/costume/,Black_Cat_Starlight,.webp
Blau Rose Tuxedo,,,,,,,,0,0,0,1,0,0,,,../../i/proseka/costume/Blau_Rose_Tuxedo.webp,../../i/proseka/costume/,Blau_Rose_Tuxedo,.webp
Bloodstained Insanity Dress,,,,,,,,0,0,0,1,0,0,,,../../i/proseka/costume/Bloodstained_Insanity_Dress.webp,../../i/proseka/costume/,Bloodstained_Insanity_Dress,.webp
Blooming Maiden's Hagoromo,,,,,,,,0,0,0,1,0,0,,,../../i/proseka/costume/Blooming_Maidens_Hagoromo.webp,../../i/proseka/costume/,Blooming_Maidens_Hagoromo,.webp
Bloomy Sky Hoodie,,,,,,,,0,0,1,0,0,0,,,../../i/proseka/costume/Bloomy_Sky_Hoodie.webp,../../i/proseka/costume/,Bloomy_Sky_Hoodie,.webp
Blue City Summer Dress,,,,,,,,0,0,0,1,0,0,,,../../i/proseka/costume/Blue_City_Summer_Dress.webp,../../i/proseka/costume/,Blue_City_Summer_Dress,.webp
Blue Marine Crew Style,,,,,,,,0,0,1,0,0,0,,,../../i/proseka/costume/Blue_Marine_Crew_Style.webp,../../i/proseka/costume/,Blue_Marine_Crew_Style,.webp
Blue Marine Frill Flair,,,,,,,,0,0,1,0,0,0,,,../../i/proseka/costume/Blue_Marine_Frill_Flair.webp,../../i/proseka/costume/,Blue_Marine_Frill_Flair,.webp
Blue Marine Mermaid,,,,,,,,0,0,1,0,0,0,,,../../i/proseka/costume/Blue_Marine_Mermaid.webp,../../i/proseka/costume/,Blue_Marine_Mermaid,.webp
Bouncy Frills,,,,,,,,0,0,1,0,0,0,,,../../i/proseka/costume/Bouncy_Frills.webp,../../i/proseka/costume/,Bouncy_Frills,.webp
Braveful Heart,,,,,,,,0,0,1,0,0,0,,,../../i/proseka/costume/Braveful_Heart.webp,../../i/proseka/costume/,Braveful_Heart,.webp
BRILLIANT COWBOY!!,,,,,,,,0,0,0,0,0,1,,,../../i/proseka/costume/BRILLIANT_COWBOY!!.webp,../../i/proseka/costume/,BRILLIANT_COWBOY!!,.webp
Bunny Carrot Coat,,,,,,,,0,0,0,0,1,0,,,../../i/proseka/costume/Bunny_Carrot_Coat.webp,../../i/proseka/costume/,Bunny_Carrot_Coat,.webp
Bunny Fluffy Cardigan,,,,,,,,0,0,0,0,1,0,,,../../i/proseka/costume/Bunny_Fluffy_Cardigan.webp,../../i/proseka/costume/,Bunny_Fluffy_Cardigan,.webp
Burning Dawn Matoi,,,,,,,,0,0,1,0,0,0,,,../../i/proseka/costume/Burning_Dawn_Matoi.webp,../../i/proseka/costume/,Burning_Dawn_Matoi,.webp
Café Mocha Daughter,,,,,,,,0,0,0,1,0,0,,,../../i/proseka/costume/Café_Mocha_Daughter.webp,../../i/proseka/costume/,Café_Mocha_Daughter,.webp
Calm Knight Archer,,,,,,,,0,0,1,0,0,0,,,../../i/proseka/costume/Calm_Knight_Archer.webp,../../i/proseka/costume/,Calm_Knight_Archer,.webp
Calm Rider,,,,,,,,0,0,1,0,0,0,,,../../i/proseka/costume/Calm_Rider.webp,../../i/proseka/costume/,Calm_Rider,.webp
Candy Wheel,,,,,,,,0,0,0,1,0,0,,,../../i/proseka/costume/Candy_Wheel.webp,../../i/proseka/costume/,Candy_Wheel,.webp
Captain☆Mix Candy,,,,,,,,0,0,1,0,0,0,,,../../i/proseka/costume/Captain☆Mix_Candy.webp,../../i/proseka/costume/,Captain☆Mix_Candy,.webp
Celebration Hoodie,,,,,,,,0,0,1,0,0,0,,,../../i/proseka/costume/Celebration_Hoodie.webp,../../i/proseka/costume/,Celebration_Hoodie,.webp
Cheerful Chick Dress,,,,,,,,1,0,0,0,0,0,,,../../i/proseka/costume/Cheerful_Chick_Dress.webp,../../i/proseka/costume/,Cheerful_Chick_Dress,.webp
Cheerful Citrus,,,,,,,,0,0,1,0,0,0,,,../../i/proseka/costume/Cheerful_Citrus.webp,../../i/proseka/costume/,Cheerful_Citrus,.webp
Cherry Pink Crossing,,,,,,,,0,0,1,0,0,0,,,../../i/proseka/costume/Cherry_Pink_Crossing.webp,../../i/proseka/costume/,Cherry_Pink_Crossing,.webp
Cherry Pink One-Piece,,,,,,,,0,0,1,0,0,0,,,../../i/proseka/costume/Cherry_Pink_One-Piece.webp,../../i/proseka/costume/,Cherry_Pink_One-Piece,.webp
Chevalier Noir,,,,,,,,0,0,0,1,0,0,,,../../i/proseka/costume/Chevalier_Noir.webp,../../i/proseka/costume/,Chevalier_Noir,.webp
Chivalrous Chevalier,,,,,,,,0,0,0,1,0,0,,,../../i/proseka/costume/Chivalrous_Chevalier.webp,../../i/proseka/costume/,Chivalrous_Chevalier,.webp
Chocolate & Berry Pancake,,,,,,,,0,0,0,0,0,1,,,../../i/proseka/costume/Chocolate_&_Berry_Pancake.webp,../../i/proseka/costume/,Chocolate_&_Berry_Pancake,.webp
Christmas Style 2020 (F),0,0,0,0,0,0,1,0,1,0,0,0,0,0,1,../../i/proseka/costume/Christmas_Style_2020_(F).webp,../../i/proseka/costume/,Christmas_Style_2020_(F),.webp
Christmas Style 2020 (M),0,0,0,0,0,0,1,0,1,0,0,0,0,1,0,../../i/proseka/costume/Christmas_Style_2020_(M).webp,../../i/proseka/costume/,Christmas_Style_2020_(M),.webp
Christmas Style 2022 (F),0,0,0,0,0,0,1,0,1,0,0,0,0,0,1,../../i/proseka/costume/Christmas_Style_2022_(F).webp,../../i/proseka/costume/,Christmas_Style_2022_(F),.webp
Christmas Style 2022 (M),0,0,0,0,0,0,1,0,1,0,0,0,0,1,0,../../i/proseka/costume/Christmas_Style_2022_(M).webp,../../i/proseka/costume/,Christmas_Style_2022_(M),.webp
City of Light,,,,,,,,0,0,1,0,0,0,,,../../i/proseka/costume/City_of_Light.webp,../../i/proseka/costume/,City_of_Light,.webp
Classical Butler,,,,,,,,0,0,0,0,0,1,,,../../i/proseka/costume/Classical_Butler.webp,../../i/proseka/costume/,Classical_Butler,.webp
Classical Gentle Coat,,,,,,,,0,0,1,0,0,0,,,../../i/proseka/costume/Classical_Gentle_Coat.webp,../../i/proseka/costume/,Classical_Gentle_Coat,.webp
Classical Jacket,,,,,,,,0,0,1,0,0,0,,,../../i/proseka/costume/Classical_Jacket.webp,../../i/proseka/costume/,Classical_Jacket,.webp
Classical Maid,,,,,,,,0,0,0,0,0,1,,,../../i/proseka/costume/Classical_Maid.webp,../../i/proseka/costume/,Classical_Maid,.webp
Classical Outfit,,,,,,,,0,0,1,0,0,0,,,../../i/proseka/costume/Classical_Outfit.webp,../../i/proseka/costume/,Classical_Outfit,.webp
Club Crown Reverie Dress,,,,,,,,0,0,0,0,1,0,,,../../i/proseka/costume/Club_Crown_Reverie_Dress.webp,../../i/proseka/costume/,Club_Crown_Reverie_Dress,.webp
Coffee Cup Balloon,,,,,,,,0,0,0,1,0,0,,,../../i/proseka/costume/Coffee_Cup_Balloon.webp,../../i/proseka/costume/,Coffee_Cup_Balloon,.webp
Collage Lolita,,,,,,,,0,0,0,1,0,0,,,../../i/proseka/costume/Collage_Lolita.webp,../../i/proseka/costume/,Collage_Lolita,.webp
Conductor Live Suit,,,,,,,,0,0,1,0,0,0,,,../../i/proseka/costume/Conductor_Live_Suit.webp,../../i/proseka/costume/,Conductor_Live_Suit,.webp
Confusion Nurse,,,,,,,,0,0,1,0,0,0,,,../../i/proseka/costume/Confusion_Nurse.webp,../../i/proseka/costume/,Confusion_Nurse,.webp
Cool Attendant,,,,,,,,0,0,0,1,0,0,,,../../i/proseka/costume/Cool_Attendant.webp,../../i/proseka/costume/,Cool_Attendant,.webp
COOL SURVIVOR,,,,,,,,0,0,1,0,0,0,,,../../i/proseka/costume/COOL_SURVIVOR.webp,../../i/proseka/costume/,COOL_SURVIVOR,.webp
Cooling Dusk Matoi,,,,,,,,0,0,1,0,0,0,,,../../i/proseka/costume/Cooling_Dusk_Matoi.webp,../../i/proseka/costume/,Cooling_Dusk_Matoi,.webp
cosmic rhythm shooter,,,,,,,,0,0,0,0,0,1,,,../../i/proseka/costume/cosmic_rhythm_shooter.webp,../../i/proseka/costume/,cosmic_rhythm_shooter,.webp
Cozy Nightwear,,,,,,,,0,0,1,0,0,0,,,../../i/proseka/costume/Cozy_Nightwear.webp,../../i/proseka/costume/,Cozy_Nightwear,.webp
Crown Knight,,,,,,,,1,0,0,0,0,0,,,../../i/proseka/costume/Crown_Knight.webp,../../i/proseka/costume/,Crown_Knight,.webp
Crown Penguin Dress,,,,,,,,0,0,1,0,0,0,,,../../i/proseka/costume/Crown_Penguin_Dress.webp,../../i/proseka/costume/,Crown_Penguin_Dress,.webp
Cute & Dreamy Pegasus,,,,,,,,0,0,1,0,0,0,,,../../i/proseka/costume/Cute_&_Dreamy_Pegasus.webp,../../i/proseka/costume/,Cute_&_Dreamy_Pegasus,.webp
Cute Festival T-Shirt,,,,,,,,0,0,1,0,0,0,,,../../i/proseka/costume/Cute_Festival_T-Shirt.webp,../../i/proseka/costume/,Cute_Festival_T-Shirt,.webp
Cute Tiger Style,,,,,,,,0,0,0,0,1,0,,,../../i/proseka/costume/Cute_Tiger_Style.webp,../../i/proseka/costume/,Cute_Tiger_Style,.webp
Cutie Ribbon Girl,,,,,,,,0,0,0,1,0,0,,,../../i/proseka/costume/Cutie_Ribbon_Girl.webp,../../i/proseka/costume/,Cutie_Ribbon_Girl,.webp
Cutie Scorer ♥,,,,,,,,0,0,0,0,0,1,,,../../i/proseka/costume/Cutie_Scorer_♥.webp,../../i/proseka/costume/,Cutie_Scorer_♥,.webp
D.C.Bad trip,,,,,,,,0,0,1,0,0,0,,,../../i/proseka/costume/D.C.Bad_trip.webp,../../i/proseka/costume/,D.C.Bad_trip,.webp
D.C.Be help,,,,,,,,0,0,1,0,0,0,,,../../i/proseka/costume/D.C.Be_help.webp,../../i/proseka/costume/,D.C.Be_help,.webp
D.C.Get close,,,,,,,,0,0,1,0,0,0,,,../../i/proseka/costume/D.C.Get_close.webp,../../i/proseka/costume/,D.C.Get_close,.webp
Dark Chic Dress,,,,,,,,0,0,0,1,0,0,,,../../i/proseka/costume/Dark_Chic_Dress.webp,../../i/proseka/costume/,Dark_Chic_Dress,.webp
Dark Crow's Cloak,,,,,,,,0,0,0,1,0,0,,,../../i/proseka/costume/Dark_Crows_Cloak.webp,../../i/proseka/costume/,Dark_Crows_Cloak,.webp
Dark Decora Cat Girl,,,,,,,,0,0,1,0,0,0,,,../../i/proseka/costume/Dark_Decora_Cat_Girl.webp,../../i/proseka/costume/,Dark_Decora_Cat_Girl,.webp
Dark Decora Heart Girl,,,,,,,,0,0,1,0,0,0,,,../../i/proseka/costume/Dark_Decora_Heart_Girl.webp,../../i/proseka/costume/,Dark_Decora_Heart_Girl,.webp
Dark Decora Sweet Girl,,,,,,,,0,0,1,0,0,0,,,../../i/proseka/costume/Dark_Decora_Sweet_Girl.webp,../../i/proseka/costume/,Dark_Decora_Sweet_Girl,.webp
Dawn-Colored Maiden's Hagoromo,,,,,,,,0,0,0,1,0,0,,,../../i/proseka/costume/Dawn-Colored_Maidens_Hagoromo.webp,../../i/proseka/costume/,Dawn-Colored_Maidens_Hagoromo,.webp
Daybreak Gradation Dress,,,,,,,,0,0,1,0,0,0,,,../../i/proseka/costume/Daybreak_Gradation_Dress.webp,../../i/proseka/costume/,Daybreak_Gradation_Dress,.webp
Deception Nurse,,,,,,,,0,0,1,0,0,0,,,../../i/proseka/costume/Deception_Nurse.webp,../../i/proseka/costume/,Deception_Nurse,.webp
Delicate Flower,,,,,,,,0,0,1,0,0,0,,,../../i/proseka/costume/Delicate_Flower.webp,../../i/proseka/costume/,Delicate_Flower,.webp
Denka Panda,,,,,,,,0,0,0,0,0,1,,,../../i/proseka/costume/Denka_Panda.webp,../../i/proseka/costume/,Denka_Panda,.webp
Devil move heart,,,,,,,,0,0,0,0,0,1,,,../../i/proseka/costume/Devil_move_heart.webp,../../i/proseka/costume/,Devil_move_heart,.webp
Dim Light Gothic,,,,,,,,0,0,1,0,0,0,,,../../i/proseka/costume/Dim_Light_Gothic.webp,../../i/proseka/costume/,Dim_Light_Gothic,.webp
Divine Messenger,,,,,,,,0,0,0,0,0,1,,,../../i/proseka/costume/Divine_Messenger.webp,../../i/proseka/costume/,Divine_Messenger,.webp
dizzy trap,,,,,,,,0,0,0,0,0,1,,,../../i/proseka/costume/dizzy_trap.webp,../../i/proseka/costume/,dizzy_trap,.webp
Don't give up Style,,,,,,,,0,0,1,0,0,0,,,../../i/proseka/costume/Dont_give_up_Style.webp,../../i/proseka/costume/,Dont_give_up_Style,.webp
Doodle☆Free Style,,,,,,,,0,0,1,0,0,0,,,../../i/proseka/costume/Doodle☆Free_Style.webp,../../i/proseka/costume/,Doodle☆Free_Style,.webp
Drawing☆Coach Style,,,,,,,,0,0,1,0,0,0,,,../../i/proseka/costume/Drawing☆Coach_Style.webp,../../i/proseka/costume/,Drawing☆Coach_Style,.webp
Dream Chaser,,,,,,,,0,0,1,0,0,0,,,../../i/proseka/costume/Dream_Chaser.webp,../../i/proseka/costume/,Dream_Chaser,.webp
Dream Maker,,,,,,,,0,0,1,0,0,0,,,../../i/proseka/costume/Dream_Maker.webp,../../i/proseka/costume/,Dream_Maker,.webp
Dream Scenery Style,,,,,,,,0,0,1,0,0,0,,,../../i/proseka/costume/Dream_Scenery_Style.webp,../../i/proseka/costume/,Dream_Scenery_Style,.webp
Dreaming Away,,,,,,,,0,0,1,0,0,0,,,../../i/proseka/costume/Dreaming_Away.webp,../../i/proseka/costume/,Dreaming_Away,.webp
Dreaming Fairy,,,,,,,,0,0,1,0,0,0,,,../../i/proseka/costume/Dreaming_Fairy.webp,../../i/proseka/costume/,Dreaming_Fairy,.webp
Dreaming Journeys,,,,,,,,0,0,0,0,1,0,,,../../i/proseka/costume/Dreaming_Journeys.webp,../../i/proseka/costume/,Dreaming_Journeys,.webp
Dynamic-tone,,,,,,,,0,0,0,1,0,0,,,../../i/proseka/costume/Dynamic-tone.webp,../../i/proseka/costume/,Dynamic-tone,.webp
Eastar・Bunny Boy,,,,,,,,0,0,0,0,0,1,,,../../i/proseka/costume/Eastar・Bunny_Boy.webp,../../i/proseka/costume/,Eastar・Bunny_Boy,.webp
Easter Marching Doll,,,,,,,,0,0,0,0,0,1,,,../../i/proseka/costume/Easter_Marching_Doll.webp,../../i/proseka/costume/,Easter_Marching_Doll,.webp
Eclat Etoile,,,,,,,,0,0,1,0,0,0,,,../../i/proseka/costume/Eclat_Etoile.webp,../../i/proseka/costume/,Eclat_Etoile,.webp
Elegance Live Suit,,,,,,,,0,0,1,0,0,0,,,../../i/proseka/costume/Elegance_Live_Suit.webp,../../i/proseka/costume/,Elegance_Live_Suit,.webp
Elegant Pirates,,,,,,,,0,0,0,0,0,1,,,../../i/proseka/costume/Elegant_Pirates.webp,../../i/proseka/costume/,Elegant_Pirates,.webp
Elegant Street Style,,,,,,,,0,0,0,1,0,0,,,../../i/proseka/costume/Elegant_Street_Style.webp,../../i/proseka/costume/,Elegant_Street_Style,.webp
Endure Nightgown,,,,,,,,0,0,1,0,0,0,,,../../i/proseka/costume/Endure_Nightgown.webp,../../i/proseka/costume/,Endure_Nightgown,.webp
Energetic Citrullus,,,,,,,,0,0,1,0,0,0,,,../../i/proseka/costume/Energetic_Citrullus.webp,../../i/proseka/costume/,Energetic_Citrullus,.webp
Energetic Uniform,,,,,,,,0,0,0,1,0,0,,,../../i/proseka/costume/Energetic_Uniform.webp,../../i/proseka/costume/,Energetic_Uniform,.webp
Estrella Girl,,,,,,,,0,0,1,0,0,0,,,../../i/proseka/costume/Estrella_Girl.webp,../../i/proseka/costume/,Estrella_Girl,.webp
Estrella Guard,,,,,,,,0,0,1,0,0,0,,,../../i/proseka/costume/Estrella_Guard.webp,../../i/proseka/costume/,Estrella_Guard,.webp
Eternal Dreamer,,,,,,,,0,0,1,0,0,0,,,../../i/proseka/costume/Eternal_Dreamer.webp,../../i/proseka/costume/,Eternal_Dreamer,.webp
EVIL ONE,,,,,,,,0,0,0,0,0,1,,,../../i/proseka/costume/EVIL_ONE.webp,../../i/proseka/costume/,EVIL_ONE,.webp
Explosion☆Art Style,,,,,,,,0,0,1,0,0,0,,,../../i/proseka/costume/Explosion☆Art_Style.webp,../../i/proseka/costume/,Explosion☆Art_Style,.webp
Fairy Tale,,,,,,,,0,0,1,0,0,0,,,../../i/proseka/costume/Fairy_Tale.webp,../../i/proseka/costume/,Fairy_Tale,.webp
Fairy Tink,,,,,,,,0,0,1,0,0,0,,,../../i/proseka/costume/Fairy_Tink.webp,../../i/proseka/costume/,Fairy_Tink,.webp
Fallen Kid,,,,,,,,0,0,1,0,0,0,,,../../i/proseka/costume/Fallen_Kid.webp,../../i/proseka/costume/,Fallen_Kid,.webp
Farewell Dress,,,,,,,,0,0,1,0,0,0,,,../../i/proseka/costume/Farewell_Dress.webp,../../i/proseka/costume/,Farewell_Dress,.webp
Fascinating Idol,,,,,,,,0,0,0,1,0,0,,,../../i/proseka/costume/Fascinating_Idol.webp,../../i/proseka/costume/,Fascinating_Idol,.webp
Fearless Clown,,,,,,,,0,0,1,0,0,0,,,../../i/proseka/costume/Fearless_Clown.webp,../../i/proseka/costume/,Fearless_Clown,.webp
Festival Blazer,,,,,,,,0,0,1,0,0,0,,,../../i/proseka/costume/Festival_Blazer.webp,../../i/proseka/costume/,Festival_Blazer,.webp
Festive Moon Collared Suit,,,,,,,,0,1,0,0,0,0,,,../../i/proseka/costume/Festive_Moon_Collared_Suit.webp,../../i/proseka/costume/,Festive_Moon_Collared_Suit,.webp
Festive Moon Dress,,,,,,,,0,1,0,0,0,0,,,../../i/proseka/costume/Festive_Moon_Dress.webp,../../i/proseka/costume/,Festive_Moon_Dress,.webp
Flight Kid,,,,,,,,0,0,1,0,0,0,,,../../i/proseka/costume/Flight_Kid.webp,../../i/proseka/costume/,Flight_Kid,.webp
Flower Fairy,,,,,,,,1,0,0,0,0,0,,,../../i/proseka/costume/Flower_Fairy.webp,../../i/proseka/costume/,Flower_Fairy,.webp
Flower Gift Swallow,,,,,,,,0,0,1,0,0,0,,,../../i/proseka/costume/Flower_Gift_Swallow.webp,../../i/proseka/costume/,Flower_Gift_Swallow,.webp
Fluttering Maiden's Hagoromo,,,,,,,,0,0,0,1,0,0,,,../../i/proseka/costume/Fluttering_Maidens_Hagoromo.webp,../../i/proseka/costume/,Fluttering_Maidens_Hagoromo,.webp
Forest Guardian,,,,,,,,0,0,1,0,0,0,,,../../i/proseka/costume/Forest_Guardian.webp,../../i/proseka/costume/,Forest_Guardian,.webp
Forest Tale,,,,,,,,0,0,1,0,0,0,,,../../i/proseka/costume/Forest_Tale.webp,../../i/proseka/costume/,Forest_Tale,.webp
Formal Star,,,,,,,,0,0,1,0,0,0,,,../../i/proseka/costume/Formal_Star.webp,../../i/proseka/costume/,Formal_Star,.webp
Fresh Girl Uniform,,,,,,,,0,0,0,1,0,0,,,../../i/proseka/costume/Fresh_Girl_Uniform.webp,../../i/proseka/costume/,Fresh_Girl_Uniform,.webp
Fresh Green Swallow,,,,,,,,0,0,1,0,0,0,,,../../i/proseka/costume/Fresh_Green_Swallow.webp,../../i/proseka/costume/,Fresh_Green_Swallow,.webp
Fullmetal Heart,,,,,,,,0,0,1,0,0,0,,,../../i/proseka/costume/Fullmetal_Heart.webp,../../i/proseka/costume/,Fullmetal_Heart,.webp
Galaxy Dark Suit,,,,,,,,0,0,0,1,0,0,,,../../i/proseka/costume/Galaxy_Dark_Suit.webp,../../i/proseka/costume/,Galaxy_Dark_Suit,.webp
Garnet Rosen,,,,,,,,0,0,0,1,0,0,,,../../i/proseka/costume/Garnet_Rosen.webp,../../i/proseka/costume/,Garnet_Rosen,.webp
Girly Check Girl,,,,,,,,0,0,0,0,0,1,,,../../i/proseka/costume/Girly_Check_Girl.webp,../../i/proseka/costume/,Girly_Check_Girl,.webp
Graceful Sekai Dress,,,,,,,,0,0,0,1,0,0,,,../../i/proseka/costume/Graceful_Sekai_Dress.webp,../../i/proseka/costume/,Graceful_Sekai_Dress,.webp
Guiding Fairy,,,,,,,,0,0,1,0,0,0,,,../../i/proseka/costume/Guiding_Fairy.webp,../../i/proseka/costume/,Guiding_Fairy,.webp
Guiding Memories Style,,,,,,,,0,0,0,1,0,0,,,../../i/proseka/costume/Guiding_Memories_Style.webp,../../i/proseka/costume/,Guiding_Memories_Style,.webp
Gummy Bear Tour Guide,,,,,,,,0,0,1,0,0,0,,,../../i/proseka/costume/Gummy_Bear_Tour_Guide.webp,../../i/proseka/costume/,Gummy_Bear_Tour_Guide,.webp
Hananishiki,,,,,,,,0,0,0,0,0,1,,,../../i/proseka/costume/Hananishiki.webp,../../i/proseka/costume/,Hananishiki,.webp
Handmade Apple,,,,,,,,0,0,0,0,0,1,,,../../i/proseka/costume/Handmade_Apple.webp,../../i/proseka/costume/,Handmade_Apple,.webp
Happy Moo Year (F),0,0,0,0,0,0,1,0,0,0,0,0,1,0,1,../../i/proseka/costume/Happy_Moo_Year_(F).webp,../../i/proseka/costume/,Happy_Moo_Year_(F),.webp
Happy Moo Year (M),0,0,0,0,0,0,1,0,0,0,0,0,1,1,0,../../i/proseka/costume/Happy_Moo_Year_(M).webp,../../i/proseka/costume/,Happy_Moo_Year_(M),.webp
Happy New Year (F),0,0,0,0,0,0,1,0,1,0,0,0,0,0,1,../../i/proseka/costume/Happy_New_Year_(F).webp,../../i/proseka/costume/,Happy_New_Year_(F),.webp
Happy New Year (M),0,0,0,0,0,0,1,0,1,0,0,0,0,1,0,../../i/proseka/costume/Happy_New_Year_(M).webp,../../i/proseka/costume/,Happy_New_Year_(M),.webp
Happy Pilot,,,,,,,,0,0,0,1,0,0,,,../../i/proseka/costume/Happy_Pilot.webp,../../i/proseka/costume/,Happy_Pilot,.webp
Happy-Happy Clock Rabbit,,,,,,,,0,0,1,0,0,0,,,../../i/proseka/costume/Happy-Happy_Clock_Rabbit.webp,../../i/proseka/costume/,Happy-Happy_Clock_Rabbit,.webp
Hard Rock Riders,,,,,,,,0,0,1,0,0,0,,,../../i/proseka/costume/Hard_Rock_Riders.webp,../../i/proseka/costume/,Hard_Rock_Riders,.webp
Harmonic Melody,,,,,,,,1,0,0,0,0,0,,,../../i/proseka/costume/Harmonic_Melody.webp,../../i/proseka/costume/,Harmonic_Melody,.webp
Hide Crinoline,,,,,,,,0,0,1,0,0,0,,,../../i/proseka/costume/Hide_Crinoline.webp,../../i/proseka/costume/,Hide_Crinoline,.webp
Hina Doll Maid,,,,,,,,0,0,0,0,0,1,,,../../i/proseka/costume/Hina_Doll_Maid.webp,../../i/proseka/costume/,Hina_Doll_Maid,.webp
Hip-Hoppin' candy cat,,,,,,,,0,0,0,0,0,1,,,../../i/proseka/costume/Hip-Hoppin_candy_cat.webp,../../i/proseka/costume/,Hip-Hoppin_candy_cat,.webp
Hipster Walk,,,,,,,,0,0,0,0,0,1,,,../../i/proseka/costume/Hipster_Walk.webp,../../i/proseka/costume/,Hipster_Walk,.webp
Holy Coat of Wish,,,,,,,,0,0,0,1,0,0,,,../../i/proseka/costume/Holy_Coat_of_Wish.webp,../../i/proseka/costume/,Holy_Coat_of_Wish,.webp
Holy Dress of Prayer,,,,,,,,0,0,0,1,0,0,,,../../i/proseka/costume/Holy_Dress_of_Prayer.webp,../../i/proseka/costume/,Holy_Dress_of_Prayer,.webp
Holy Snow Archer,,,,,,,,0,0,1,0,0,0,,,../../i/proseka/costume/Holy_Snow_Archer.webp,../../i/proseka/costume/,Holy_Snow_Archer,.webp
Honey Lemo-Lemon,,,,,,,,0,0,0,0,0,1,,,../../i/proseka/costume/Honey_Lemo-Lemon.webp,../../i/proseka/costume/,Honey_Lemo-Lemon,.webp
Hoodie Harness Belts,,,,,,,,0,0,0,0,1,0,,,../../i/proseka/costume/Hoodie_Harness_Belts.webp,../../i/proseka/costume/,Hoodie_Harness_Belts,.webp
Hopeful Frilly Outfit,,,,,,,,0,0,0,1,0,0,,,../../i/proseka/costume/Hopeful_Frilly_Outfit.webp,../../i/proseka/costume/,Hopeful_Frilly_Outfit,.webp
Hopeful Soldier,,,,,,,,0,0,0,1,0,0,,,../../i/proseka/costume/Hopeful_Soldier.webp,../../i/proseka/costume/,Hopeful_Soldier,.webp
Hound Kid,,,,,,,,0,0,1,0,0,0,,,../../i/proseka/costume/Hound_Kid.webp,../../i/proseka/costume/,Hound_Kid,.webp
Hourglass Tuxedo,,,,,,,,0,0,1,0,0,0,,,../../i/proseka/costume/Hourglass_Tuxedo.webp,../../i/proseka/costume/,Hourglass_Tuxedo,.webp
House Walker,,,,,,,,0,0,1,0,0,0,,,../../i/proseka/costume/House_Walker.webp,../../i/proseka/costume/,House_Walker,.webp
Hummingbird (F),0,0,0,0,0,0,1,0,1,0,0,0,0,0,1,../../i/proseka/costume/Hummingbird_(F).webp,../../i/proseka/costume/,Hummingbird_(F),.webp
Hummingbird (M),0,0,0,0,0,0,1,0,1,0,0,0,0,1,0,../../i/proseka/costume/Hummingbird_(M).webp,../../i/proseka/costume/,Hummingbird_(M),.webp
Illuminated Archer,,,,,,,,0,0,1,0,0,0,,,../../i/proseka/costume/Illuminated_Archer.webp,../../i/proseka/costume/,Illuminated_Archer,.webp
Immovable Enamel Jacket,,,,,,,,0,0,0,1,0,0,,,../../i/proseka/costume/Immovable_Enamel_Jacket.webp,../../i/proseka/costume/,Immovable_Enamel_Jacket,.webp
Innocent Clown,,,,,,,,0,0,1,0,0,0,,,../../i/proseka/costume/Innocent_Clown.webp,../../i/proseka/costume/,Innocent_Clown,.webp
Jellyfish Tuxedo,,,,,,,,0,0,1,0,0,0,,,../../i/proseka/costume/Jellyfish_Tuxedo.webp,../../i/proseka/costume/,Jellyfish_Tuxedo,.webp
Jumping Heart,,,,,,,,0,0,1,0,0,0,,,../../i/proseka/costume/Jumping_Heart.webp,../../i/proseka/costume/,Jumping_Heart,.webp
Kaisetan,,,,,,,,0,0,0,0,0,1,,,../../i/proseka/costume/Kaisetan.webp,../../i/proseka/costume/,Kaisetan,.webp
King of Smiles,,,,,,,,0,0,1,0,0,0,,,../../i/proseka/costume/King_of_Smiles.webp,../../i/proseka/costume/,King_of_Smiles,.webp
Lady Elegant,,,,,,,,0,0,0,1,0,0,,,../../i/proseka/costume/Lady_Elegant.webp,../../i/proseka/costume/,Lady_Elegant,.webp
Lapis Sky Blazer,,,,,,,,0,0,0,0,1,0,,,../../i/proseka/costume/Lapis_Sky_Blazer.webp,../../i/proseka/costume/,Lapis_Sky_Blazer,.webp
Lapis Sky Sailor,,,,,,,,0,0,0,0,1,0,,,../../i/proseka/costume/Lapis_Sky_Sailor.webp,../../i/proseka/costume/,Lapis_Sky_Sailor,.webp
Library Dress,,,,,,,,0,0,0,1,0,0,,,../../i/proseka/costume/Library_Dress.webp,../../i/proseka/costume/,Library_Dress,.webp
Lien Morceau Dress of Feelings,,,,,,,,0,0,0,0,1,0,,,../../i/proseka/costume/Lien_Morceau_Dress_of_Feelings.webp,../../i/proseka/costume/,Lien_Morceau_Dress_of_Feelings,.webp
Lily Bell Foggy Dress,,,,,,,,0,0,1,0,0,0,,,../../i/proseka/costume/Lily_Bell_Foggy_Dress.webp,../../i/proseka/costume/,Lily_Bell_Foggy_Dress,.webp
Little Red Riding Hood Dress,,,,,,,,0,0,0,1,0,0,,,../../i/proseka/costume/Little_Red_Riding_Hood_Dress.webp,../../i/proseka/costume/,Little_Red_Riding_Hood_Dress,.webp
Little Star,,,,,,,,0,0,1,0,0,0,,,../../i/proseka/costume/Little_Star.webp,../../i/proseka/costume/,Little_Star,.webp
Little Strawbearry,,,,,,,,0,0,0,0,0,1,,,../../i/proseka/costume/Little_Strawbearry.webp,../../i/proseka/costume/,Little_Strawbearry,.webp
Long Trip Riders,,,,,,,,0,0,1,0,0,0,,,../../i/proseka/costume/Long_Trip_Riders.webp,../../i/proseka/costume/,Long_Trip_Riders,.webp
Lovely Black Beret,,,,,,,,0,0,0,1,0,0,,,../../i/proseka/costume/Lovely_Black_Beret.webp,../../i/proseka/costume/,Lovely_Black_Beret,.webp
Lovely Frill Uniform,,,,,,,,0,0,0,1,0,0,,,../../i/proseka/costume/Lovely_Frill_Uniform.webp,../../i/proseka/costume/,Lovely_Frill_Uniform,.webp
Lovely Looking Dress,,,,,,,,0,0,1,0,0,0,,,../../i/proseka/costume/Lovely_Looking_Dress.webp,../../i/proseka/costume/,Lovely_Looking_Dress,.webp
Lovely Vivid Devil,,,,,,,,0,0,0,1,0,0,,,../../i/proseka/costume/Lovely_Vivid_Devil.webp,../../i/proseka/costume/,Lovely_Vivid_Devil,.webp
Loving Sunflower,,,,,,,,0,0,1,0,0,0,,,../../i/proseka/costume/Loving_Sunflower.webp,../../i/proseka/costume/,Loving_Sunflower,.webp
Loyalty Rock Blazer,,,,,,,,0,0,0,0,1,0,,,../../i/proseka/costume/Loyalty_Rock_Blazer.webp,../../i/proseka/costume/,Loyalty_Rock_Blazer,.webp
Lucifenia Kingdom's Princess' Formal Dress,,,,,,,,0,0,0,1,0,0,,,../../i/proseka/costume/Lucifenia_Kingdoms_Princess_Formal_Dress.webp,../../i/proseka/costume/,Lucifenia_Kingdoms_Princess_Formal_Dress,.webp
Lucifenia Kingdom's Servant Attire,,,,,,,,0,0,0,1,0,0,,,../../i/proseka/costume/Lucifenia_Kingdoms_Servant_Attire.webp,../../i/proseka/costume/,Lucifenia_Kingdoms_Servant_Attire,.webp
Luxuriant Girl Flowery Dress,,,,,,,,0,0,1,0,0,0,,,../../i/proseka/costume/Luxuriant_Girl_Flowery_Dress.webp,../../i/proseka/costume/,Luxuriant_Girl_Flowery_Dress,.webp
Mad Sorcerer,,,,,,,,0,0,0,1,0,0,,,../../i/proseka/costume/Mad_Sorcerer.webp,../../i/proseka/costume/,Mad_Sorcerer,.webp
Madness Street,,,,,,,,0,0,0,1,0,0,,,../../i/proseka/costume/Madness_Street.webp,../../i/proseka/costume/,Madness_Street,.webp
Magic Academy of SEKAI (F),0,0,0,0,0,0,1,0,0,0,0,1,0,0,1,../../i/proseka/costume/Magic_Academy_of_SEKAI_(F).webp,../../i/proseka/costume/,Magic_Academy_of_SEKAI_(F),.webp
Magic Academy of SEKAI (M),0,0,0,0,0,0,1,0,0,0,0,1,0,1,0,../../i/proseka/costume/Magic_Academy_of_SEKAI_(M).webp,../../i/proseka/costume/,Magic_Academy_of_SEKAI_(M),.webp
Magical Tailor Witch,,,,,,,,0,0,1,0,0,0,,,../../i/proseka/costume/Magical_Tailor_Witch.webp,../../i/proseka/costume/,Magical_Tailor_Witch,.webp
Maidenly Apron Dress,,,,,,,,0,0,1,0,0,0,,,../../i/proseka/costume/Maidenly_Apron_Dress.webp,../../i/proseka/costume/,Maidenly_Apron_Dress,.webp
Majestic Mouser,,,,,,,,0,1,0,0,0,0,,,../../i/proseka/costume/Majestic_Mouser.webp,../../i/proseka/costume/,Majestic_Mouser,.webp
Marine Shell Girl,,,,,,,,0,0,0,1,0,0,,,../../i/proseka/costume/Marine_Shell_Girl.webp,../../i/proseka/costume/,Marine_Shell_Girl,.webp
Mask of Tears,,,,,,,,0,0,1,0,0,0,,,../../i/proseka/costume/Mask_of_Tears.webp,../../i/proseka/costume/,Mask_of_Tears,.webp
Masquerade Doll,,,,,,,,0,0,1,0,0,0,,,../../i/proseka/costume/Masquerade_Doll.webp,../../i/proseka/costume/,Masquerade_Doll,.webp
Master Tailcoat,,,,,,,,0,0,1,0,0,0,,,../../i/proseka/costume/Master_Tailcoat.webp,../../i/proseka/costume/,Master_Tailcoat,.webp
Maverick Mask Suit,,,,,,,,0,0,0,1,0,0,,,../../i/proseka/costume/Maverick_Mask_Suit.webp,../../i/proseka/costume/,Maverick_Mask_Suit,.webp
Melody Clover (F),0,0,0,0,0,0,1,1,0,0,0,0,0,0,1,../../i/proseka/costume/Melody_Clover_(F).webp,../../i/proseka/costume/,Melody_Clover_(F),.webp
Melody Clover (M),0,0,0,0,0,0,1,1,0,0,0,0,0,1,0,../../i/proseka/costume/Melody_Clover_(M).webp,../../i/proseka/costume/,Melody_Clover_(M),.webp
Melody Walker,,,,,,,,0,0,1,0,0,0,,,../../i/proseka/costume/Melody_Walker.webp,../../i/proseka/costume/,Melody_Walker,.webp
Melty Lavender,,,,,,,,0,0,0,1,0,0,,,../../i/proseka/costume/Melty_Lavender.webp,../../i/proseka/costume/,Melty_Lavender,.webp
Melty Orange,,,,,,,,0,0,0,1,0,0,,,../../i/proseka/costume/Melty_Orange.webp,../../i/proseka/costume/,Melty_Orange,.webp
Melty Peppermint,,,,,,,,0,0,0,1,0,0,,,../../i/proseka/costume/Melty_Peppermint.webp,../../i/proseka/costume/,Melty_Peppermint,.webp
Memorial Heart Outfit,,,,,,,,0,0,0,1,0,0,,,../../i/proseka/costume/Memorial_Heart_Outfit.webp,../../i/proseka/costume/,Memorial_Heart_Outfit,.webp
Mermaid Water Dress,,,,,,,,0,0,1,0,0,0,,,../../i/proseka/costume/Mermaid_Water_Dress.webp,../../i/proseka/costume/,Mermaid_Water_Dress,.webp
Merry Bad Bride,,,,,,,,0,0,0,0,0,1,,,../../i/proseka/costume/Merry_Bad_Bride.webp,../../i/proseka/costume/,Merry_Bad_Bride,.webp
Messenger of Hope,,,,,,,,0,0,1,0,0,0,,,../../i/proseka/costume/Messenger_of_Hope.webp,../../i/proseka/costume/,Messenger_of_Hope,.webp
Messenger of Love,,,,,,,,0,0,1,0,0,0,,,../../i/proseka/costume/Messenger_of_Love.webp,../../i/proseka/costume/,Messenger_of_Love,.webp
Midnight Fiction (F),0,0,0,0,0,0,1,1,0,0,0,0,0,0,1,../../i/proseka/costume/Midnight_Fiction_(F).webp,../../i/proseka/costume/,Midnight_Fiction_(F),.webp
Midnight Fiction (M),0,0,0,0,0,0,1,1,0,0,0,0,0,1,0,../../i/proseka/costume/Midnight_Fiction_(M).webp,../../i/proseka/costume/,Midnight_Fiction_(M),.webp
MIKU MIKU POP!,,,,,,,,0,0,0,0,0,1,,,../../i/proseka/costume/MIKU_MIKU_POP!.webp,../../i/proseka/costume/,MIKU_MIKU_POP!,.webp
Moon-dreamer Idol Rabbit,,,,,,,,0,0,0,1,0,0,,,../../i/proseka/costume/Moon-dreamer_Idol_Rabbit.webp,../../i/proseka/costume/,Moon-dreamer_Idol_Rabbit,.webp
Moonlight Ninja,,,,,,,,0,0,0,0,0,1,,,../../i/proseka/costume/Moonlight_Ninja.webp,../../i/proseka/costume/,Moonlight_Ninja,.webp
More Fortune Witch,,,,,,,,0,0,1,0,0,0,,,../../i/proseka/costume/More_Fortune_Witch.webp,../../i/proseka/costume/,More_Fortune_Witch,.webp
My Little Shine,,,,,,,,0,0,1,0,0,0,,,../../i/proseka/costume/My_Little_Shine.webp,../../i/proseka/costume/,My_Little_Shine,.webp
Narcissus Painter's Dress,,,,,,,,0,0,1,0,0,0,,,../../i/proseka/costume/Narcissus_Painters_Dress.webp,../../i/proseka/costume/,Narcissus_Painters_Dress,.webp
Narcissus Salopette,,,,,,,,0,0,0,1,0,0,,,../../i/proseka/costume/Narcissus_Salopette.webp,../../i/proseka/costume/,Narcissus_Salopette,.webp
NEON Drummer,,,,,,,,0,0,1,0,0,0,,,../../i/proseka/costume/NEON_Drummer.webp,../../i/proseka/costume/,NEON_Drummer,.webp
NEON SINGER,,,,,,,,0,0,1,0,0,0,,,../../i/proseka/costume/NEON_SINGER.webp,../../i/proseka/costume/,NEON_SINGER,.webp
NEON Vocalist,,,,,,,,0,0,1,0,0,0,,,../../i/proseka/costume/NEON_Vocalist.webp,../../i/proseka/costume/,NEON_Vocalist,.webp
Nestle Crinoline,,,,,,,,0,0,1,0,0,0,,,../../i/proseka/costume/Nestle_Crinoline.webp,../../i/proseka/costume/,Nestle_Crinoline,.webp
New Year Extravaganza,,,,,,,,0,0,1,0,0,0,,,../../i/proseka/costume/New_Year_Extravaganza.webp,../../i/proseka/costume/,New_Year_Extravaganza,.webp
Nightly Bloomers,,,,,,,,0,0,0,0,1,0,,,../../i/proseka/costume/Nightly_Bloomers.webp,../../i/proseka/costume/,Nightly_Bloomers,.webp
Nightscape Cherry Blossoms Matoi,,,,,,,,0,0,0,1,0,0,,,../../i/proseka/costume/Nightscape_Cherry_Blossoms_Matoi.webp,../../i/proseka/costume/,Nightscape_Cherry_Blossoms_Matoi,.webp
Noble Mouser,,,,,,,,0,1,0,0,0,0,,,../../i/proseka/costume/Noble_Mouser.webp,../../i/proseka/costume/,Noble_Mouser,.webp
Noble Paladin,,,,,,,,0,0,0,1,0,0,,,../../i/proseka/costume/Noble_Paladin.webp,../../i/proseka/costume/,Noble_Paladin,.webp
Noctis Monaka,,,,,,,,0,0,0,0,1,0,,,../../i/proseka/costume/Noctis_Monaka.webp,../../i/proseka/costume/,Noctis_Monaka,.webp
Chevalier de Noir,,,,,,,,0,0,0,0,0,1,,,../../i/proseka/costume/Chevalier_de_Noir.webp,../../i/proseka/costume/,Chevalier_de_Noir,.webp
Not Lost Gothic,,,,,,,,0,0,1,0,0,0,,,../../i/proseka/costume/Not_Lost_Gothic.webp,../../i/proseka/costume/,Not_Lost_Gothic,.webp
Notice Suspenders,,,,,,,,0,0,0,1,0,0,,,../../i/proseka/costume/Notice_Suspenders.webp,../../i/proseka/costume/,Notice_Suspenders,.webp
Nussknacker,,,,,,,,0,0,0,0,0,1,,,../../i/proseka/costume/Nussknacker.webp,../../i/proseka/costume/,Nussknacker,.webp
Old Days Boy,,,,,,,,0,0,1,0,0,0,,,../../i/proseka/costume/Old_Days_Boy.webp,../../i/proseka/costume/,Old_Days_Boy,.webp
Optatio Eques,,,,,,,,0,0,0,1,0,0,,,../../i/proseka/costume/Optatio_Eques.webp,../../i/proseka/costume/,Optatio_Eques,.webp
Optimize,,,,,,,,0,0,0,0,0,1,,,../../i/proseka/costume/Optimize.webp,../../i/proseka/costume/,Optimize,.webp
Oracle Girl Style,,,,,,,,0,0,0,1,0,0,,,../../i/proseka/costume/Oracle_Girl_Style.webp,../../i/proseka/costume/,Oracle_Girl_Style,.webp
Overlay Tailcoat of Feelings,,,,,,,,0,0,0,0,1,0,,,../../i/proseka/costume/Overlay_Tailcoat_of_Feelings.webp,../../i/proseka/costume/,Overlay_Tailcoat_of_Feelings,.webp
Passionable Kiwi,,,,,,,,0,0,1,0,0,0,,,../../i/proseka/costume/Passionable_Kiwi.webp,../../i/proseka/costume/,Passionable_Kiwi,.webp
Pastel Ice Cream,,,,,,,,0,0,0,0,0,1,,,../../i/proseka/costume/Pastel_Ice_Cream.webp,../../i/proseka/costume/,Pastel_Ice_Cream,.webp
Pastoral Cloth,,,,,,,,0,0,1,0,0,0,,,../../i/proseka/costume/Pastoral_Cloth.webp,../../i/proseka/costume/,Pastoral_Cloth,.webp
Peinture Cloth,,,,,,,,0,0,1,0,0,0,,,../../i/proseka/costume/Peinture_Cloth.webp,../../i/proseka/costume/,Peinture_Cloth,.webp
Petit Printemps,,,,,,,,0,0,0,0,0,1,,,../../i/proseka/costume/Petit_Printemps.webp,../../i/proseka/costume/,Petit_Printemps,.webp
Petit Rainbow Coat,,,,,,,,0,0,1,0,0,0,,,../../i/proseka/costume/Petit_Rainbow_Coat.webp,../../i/proseka/costume/,Petit_Rainbow_Coat,.webp
Phantom Bad,,,,,,,,0,0,0,0,0,1,,,../../i/proseka/costume/Phantom_Bad.webp,../../i/proseka/costume/,Phantom_Bad,.webp
Phantom Crow,,,,,,,,0,0,0,0,0,1,,,../../i/proseka/costume/Phantom_Crow.webp,../../i/proseka/costume/,Phantom_Crow,.webp
Phantom thief,,,,,,,,0,0,0,0,0,1,,,../../i/proseka/costume/Phantom_thief.webp,../../i/proseka/costume/,Phantom_thief,.webp
Pirates of Penguance,,,,,,,,0,0,0,0,0,1,,,../../i/proseka/costume/Pirates_of_Penguance.webp,../../i/proseka/costume/,Pirates_of_Penguance,.webp
planet SEKAI,,,,,,,,0,0,0,0,0,1,,,../../i/proseka/costume/planet_SEKAI.webp,../../i/proseka/costume/,planet_SEKAI,.webp
Playing Mystery Dress,,,,,,,,0,0,0,1,0,0,,,../../i/proseka/costume/Playing_Mystery_Dress.webp,../../i/proseka/costume/,Playing_Mystery_Dress,.webp
Poetry Cloth,,,,,,,,0,0,1,0,0,0,,,../../i/proseka/costume/Poetry_Cloth.webp,../../i/proseka/costume/,Poetry_Cloth,.webp
Pop Future Prince,,,,,,,,0,0,0,0,1,0,,,../../i/proseka/costume/Pop_Future_Prince.webp,../../i/proseka/costume/,Pop_Future_Prince,.webp
Pop Future Princess,,,,,,,,0,0,0,0,1,0,,,../../i/proseka/costume/Pop_Future_Princess.webp,../../i/proseka/costume/,Pop_Future_Princess,.webp
Present For You!,,,,,,,,0,0,1,0,0,0,,,../../i/proseka/costume/Present_For_You!.webp,../../i/proseka/costume/,Present_For_You!,.webp
Pretty Cat Witch,,,,,,,,0,0,1,0,0,0,,,../../i/proseka/costume/Pretty_Cat_Witch.webp,../../i/proseka/costume/,Pretty_Cat_Witch,.webp
Pretty Warrior,,,,,,,,0,0,0,1,0,0,,,../../i/proseka/costume/Pretty_Warrior.webp,../../i/proseka/costume/,Pretty_Warrior,.webp
Program: Aurora Snow,,,,,,,,0,0,0,0,0,1,,,../../i/proseka/costume/Program:_Aurora_Snow.webp,../../i/proseka/costume/,Program:_Aurora_Snow,.webp
Provoke Creepy,,,,,,,,0,0,1,0,0,0,,,../../i/proseka/costume/Provoke_Creepy.webp,../../i/proseka/costume/,Provoke_Creepy,.webp
Puffy Snowsuit (F),0,0,0,0,0,0,1,0,0,0,0,0,1,0,1,../../i/proseka/costume/Puffy_Snowsuit_(F).webp,../../i/proseka/costume/,Puffy_Snowsuit_(F),.webp
Puffy Snowsuit (M),0,0,0,0,0,0,1,0,0,0,0,0,1,1,0,../../i/proseka/costume/Puffy_Snowsuit_(M).webp,../../i/proseka/costume/,Puffy_Snowsuit_(M),.webp
Pumpkin Majoline,,,,,,,,0,1,0,0,0,0,,,../../i/proseka/costume/Pumpkin_Majoline.webp,../../i/proseka/costume/,Pumpkin_Majoline,.webp
Pumpkin Sorcerer,,,,,,,,0,1,0,0,0,0,,,../../i/proseka/costume/Pumpkin_Sorcerer.webp,../../i/proseka/costume/,Pumpkin_Sorcerer,.webp
Pure Flower Tuxedo,,,,,,,,0,0,0,1,0,0,,,../../i/proseka/costume/Pure_Flower_Tuxedo.webp,../../i/proseka/costume/,Pure_Flower_Tuxedo,.webp
Pure Heart Frilly Jacket,,,,,,,,0,0,0,1,0,0,,,../../i/proseka/costume/Pure_Heart_Frilly_Jacket.webp,../../i/proseka/costume/,Pure_Heart_Frilly_Jacket,.webp
Pure Walker,,,,,,,,0,0,1,0,0,0,,,../../i/proseka/costume/Pure_Walker.webp,../../i/proseka/costume/,Pure_Walker,.webp
Quilted Formal,,,,,,,,0,0,0,0,1,0,,,../../i/proseka/costume/Quilted_Formal.webp,../../i/proseka/costume/,Quilted_Formal,.webp
Quilted Modern Style,,,,,,,,0,0,0,0,1,0,,,../../i/proseka/costume/Quilted_Modern_Style.webp,../../i/proseka/costume/,Quilted_Modern_Style,.webp
Rainbow Heart,,,,,,,,0,0,1,0,0,0,,,../../i/proseka/costume/Rainbow_Heart.webp,../../i/proseka/costume/,Rainbow_Heart,.webp
Ramble Rider,,,,,,,,0,0,1,0,0,0,,,../../i/proseka/costume/Ramble_Rider.webp,../../i/proseka/costume/,Ramble_Rider,.webp
Rebel Uncanny,,,,,,,,0,0,1,0,0,0,,,../../i/proseka/costume/Rebel_Uncanny.webp,../../i/proseka/costume/,Rebel_Uncanny,.webp
Refined Bell Tuxedo,,,,,,,,0,0,0,1,0,0,,,../../i/proseka/costume/Refined_Bell_Tuxedo.webp,../../i/proseka/costume/,Refined_Bell_Tuxedo,.webp
Relaxation Nightwear,,,,,,,,0,0,1,0,0,0,,,../../i/proseka/costume/Relaxation_Nightwear.webp,../../i/proseka/costume/,Relaxation_Nightwear,.webp
Relief Nightwear,,,,,,,,0,0,1,0,0,0,,,../../i/proseka/costume/Relief_Nightwear.webp,../../i/proseka/costume/,Relief_Nightwear,.webp
Reminiscence Gothic,,,,,,,,0,0,1,0,0,0,,,../../i/proseka/costume/Reminiscence_Gothic.webp,../../i/proseka/costume/,Reminiscence_Gothic,.webp
Reminiscent Carnation Dress,,,,,,,,0,0,1,0,0,0,,,../../i/proseka/costume/Reminiscent_Carnation_Dress.webp,../../i/proseka/costume/,Reminiscent_Carnation_Dress,.webp
Requiem Night,,,,,,,,0,0,0,1,0,0,,,../../i/proseka/costume/Requiem_Night.webp,../../i/proseka/costume/,Requiem_Night,.webp
Rider on the Road,,,,,,,,0,0,1,0,0,0,,,../../i/proseka/costume/Rider_on_the_Road.webp,../../i/proseka/costume/,Rider_on_the_Road,.webp
Robes of the Aiding White Fox,,,,,,,,0,0,0,1,0,0,,,../../i/proseka/costume/Robes_of_the_Aiding_White_Fox.webp,../../i/proseka/costume/,Robes_of_the_Aiding_White_Fox,.webp
Robes of the Leaping Lion-Dog,,,,,,,,0,0,0,1,0,0,,,../../i/proseka/costume/Robes_of_the_Leaping_Lion-Dog.webp,../../i/proseka/costume/,Robes_of_the_Leaping_Lion-Dog,.webp
Robes of the Soaring Dragon God,,,,,,,,0,0,0,1,0,0,,,../../i/proseka/costume/Robes_of_the_Soaring_Dragon_God.webp,../../i/proseka/costume/,Robes_of_the_Soaring_Dragon_God,.webp
Rockin' Beastie,,,,,,,,0,0,1,0,0,0,,,../../i/proseka/costume/Rockin_Beastie.webp,../../i/proseka/costume/,Rockin_Beastie,.webp
Rockin' Fluff Monster,,,,,,,,0,0,1,0,0,0,,,../../i/proseka/costume/Rockin_Fluff_Monster.webp,../../i/proseka/costume/,Rockin_Fluff_Monster,.webp
ROOKIE SURVIVOR,,,,,,,,0,0,1,0,0,0,,,../../i/proseka/costume/ROOKIE_SURVIVOR.webp,../../i/proseka/costume/,ROOKIE_SURVIVOR,.webp
Rose Cage,,,,,,,,1,0,0,0,0,0,,,../../i/proseka/costume/Rose_Cage.webp,../../i/proseka/costume/,Rose_Cage,.webp
Royal Antique,,,,,,,,0,0,0,0,0,1,,,../../i/proseka/costume/Royal_Antique.webp,../../i/proseka/costume/,Royal_Antique,.webp
Royal Rose Equestrian,,,,,,,,0,0,0,0,1,0,,,../../i/proseka/costume/Royal_Rose_Equestrian.webp,../../i/proseka/costume/,Royal_Rose_Equestrian,.webp
Sakura Hanageki Attire,,,,,,,,0,0,0,1,0,0,,,../../i/proseka/costume/Sakura_Hanageki_Attire.webp,../../i/proseka/costume/,Sakura_Hanageki_Attire,.webp
Sakura Student,,,,,,,,0,0,0,1,0,0,,,../../i/proseka/costume/Sakura_Student.webp,../../i/proseka/costume/,Sakura_Student,.webp
School Rock (F),0,0,0,0,0,0,1,1,0,0,0,0,0,0,1,../../i/proseka/costume/School_Rock_(F).webp,../../i/proseka/costume/,School_Rock_(F),.webp
School Rock (M),0,0,0,0,0,0,1,1,0,0,0,0,0,1,0,../../i/proseka/costume/School_Rock_(M).webp,../../i/proseka/costume/,School_Rock_(M),.webp
Seeking Cloak,,,,,,,,0,0,0,1,0,0,,,../../i/proseka/costume/Seeking_Cloak.webp,../../i/proseka/costume/,Seeking_Cloak,.webp
SEKAI step wear,,,,,,,,0,0,0,0,0,1,,,../../i/proseka/costume/SEKAI_step_wear.webp,../../i/proseka/costume/,SEKAI_step_wear,.webp
SEKAI's Tea Party Dress,,,,,,,,1,0,0,0,0,0,,,../../i/proseka/costume/SEKAIs_Tea_Party_Dress.webp,../../i/proseka/costume/,SEKAIs_Tea_Party_Dress,.webp
SEKAI's Tea Party Suit,,,,,,,,1,0,0,0,0,0,,,../../i/proseka/costume/SEKAIs_Tea_Party_Suit.webp,../../i/proseka/costume/,SEKAIs_Tea_Party_Suit,.webp
Sharp Shooter,,,,,,,,0,0,0,1,0,0,,,../../i/proseka/costume/Sharp_Shooter.webp,../../i/proseka/costume/,Sharp_Shooter,.webp
Shirring Tail Clover,,,,,,,,0,0,0,0,1,0,,,../../i/proseka/costume/Shirring_Tail_Clover.webp,../../i/proseka/costume/,Shirring_Tail_Clover,.webp
shot,,,,,,,,0,0,0,0,0,1,,,../../i/proseka/costume/shot.webp,../../i/proseka/costume/,shot,.webp
Sky Runner Jacket,,,,,,,,0,0,1,0,0,0,,,../../i/proseka/costume/Sky_Runner_Jacket.webp,../../i/proseka/costume/,Sky_Runner_Jacket,.webp
Smiley Shout Out,,,,,,,,0,0,1,0,0,0,,,../../i/proseka/costume/Smiley_Shout_Out.webp,../../i/proseka/costume/,Smiley_Shout_Out,.webp
Snow Crystal Coat,,,,,,,,0,0,0,1,0,0,,,../../i/proseka/costume/Snow_Crystal_Coat.webp,../../i/proseka/costume/,Snow_Crystal_Coat,.webp
SNOW MIKU 2022 (Hatsune Miku),,,,,,,,0,0,0,0,1,0,,,../../i/proseka/costume/SNOW_MIKU_2022_(Hatsune_Miku).webp,../../i/proseka/costume/,SNOW_MIKU_2022_(Hatsune_Miku),.webp
SNOW MIKU 2022 (Kagamine Len),,,,,,,,0,0,0,0,1,0,,,../../i/proseka/costume/SNOW_MIKU_2022_(Kagamine_Len).webp,../../i/proseka/costume/,SNOW_MIKU_2022_(Kagamine_Len),.webp
SNOW MIKU 2022 (Kagamine Rin),,,,,,,,0,0,0,0,1,0,,,../../i/proseka/costume/SNOW_MIKU_2022_(Kagamine_Rin).webp,../../i/proseka/costume/,SNOW_MIKU_2022_(Kagamine_Rin),.webp
SNOW MIKU 2022 (KAITO),,,,,,,,0,0,0,0,1,0,,,../../i/proseka/costume/SNOW_MIKU_2022_(KAITO).webp,../../i/proseka/costume/,SNOW_MIKU_2022_(KAITO),.webp
SNOW MIKU 2022 (Megurine Luka),,,,,,,,0,0,0,0,1,0,,,../../i/proseka/costume/SNOW_MIKU_2022_(Megurine_Luka).webp,../../i/proseka/costume/,SNOW_MIKU_2022_(Megurine_Luka),.webp
SNOW MIKU 2022 (MEIKO),,,,,,,,0,0,0,0,1,0,,,../../i/proseka/costume/SNOW_MIKU_2022_(MEIKO).webp,../../i/proseka/costume/,SNOW_MIKU_2022_(MEIKO),.webp
Snow White Foggy Dress,,,,,,,,0,0,1,0,0,0,,,../../i/proseka/costume/Snow_White_Foggy_Dress.webp,../../i/proseka/costume/,Snow_White_Foggy_Dress,.webp
Snowflake Jacket,,,,,,,,0,0,0,1,0,0,,,../../i/proseka/costume/Snowflake_Jacket.webp,../../i/proseka/costume/,Snowflake_Jacket,.webp
Snowflake White Rabbit,,,,,,,,0,0,0,0,0,1,,,../../i/proseka/costume/Snowflake_White_Rabbit.webp,../../i/proseka/costume/,Snowflake_White_Rabbit,.webp
Song to taste.,,,,,,,,0,0,0,0,0,1,,,../../i/proseka/costume/Song_to_taste..webp,../../i/proseka/costume/,Song_to_taste.,.webp
Sonic Style (F),0,0,0,0,0,0,1,1,0,0,0,0,0,0,1,../../i/proseka/costume/Sonic_Style_(F).webp,../../i/proseka/costume/,Sonic_Style_(F),.webp
Sonic Style (M),0,0,0,0,0,0,1,1,0,0,0,0,0,1,0,../../i/proseka/costume/Sonic_Style_(M).webp,../../i/proseka/costume/,Sonic_Style_(M),.webp
Sorcerer of SEKAI,,,,,,,,0,0,0,0,0,1,,,../../i/proseka/costume/Sorcerer_of_SEKAI.webp,../../i/proseka/costume/,Sorcerer_of_SEKAI,.webp
Soulful-tone,,,,,,,,0,0,0,1,0,0,,,../../i/proseka/costume/Soulful-tone.webp,../../i/proseka/costume/,Soulful-tone,.webp
Sound Asleep ☽ Dreaming Ribbon,,,,,,,,0,0,0,0,0,1,,,../../i/proseka/costume/Sound_Asleep_☽_Dreaming_Ribbon.webp,../../i/proseka/costume/,Sound_Asleep_☽_Dreaming_Ribbon,.webp
Spring Colored Sukajan,,,,,,,,0,0,0,1,0,0,,,../../i/proseka/costume/Spring_Colored_Sukajan.webp,../../i/proseka/costume/,Spring_Colored_Sukajan,.webp
Spring Princess,,,,,,,,0,0,1,0,0,0,,,../../i/proseka/costume/Spring_Princess.webp,../../i/proseka/costume/,Spring_Princess,.webp
Springtime Maiden's Hagoromo,,,,,,,,0,0,0,1,0,0,,,../../i/proseka/costume/Springtime_Maidens_Hagoromo.webp,../../i/proseka/costume/,Springtime_Maidens_Hagoromo,.webp
Stained Glass Bravery,,,,,,,,0,0,1,0,0,0,,,../../i/proseka/costume/Stained_Glass_Bravery.webp,../../i/proseka/costume/,Stained_Glass_Bravery,.webp
Stained Glass Tenderness,,,,,,,,0,0,1,0,0,0,,,../../i/proseka/costume/Stained_Glass_Tenderness.webp,../../i/proseka/costume/,Stained_Glass_Tenderness,.webp
Star-chasing Rocker Rabbit,,,,,,,,0,0,0,1,0,0,,,../../i/proseka/costume/Star-chasing_Rocker_Rabbit.webp,../../i/proseka/costume/,Star-chasing_Rocker_Rabbit,.webp
Starlight,,,,,,,,1,0,0,0,0,0,,,../../i/proseka/costume/Starlight.webp,../../i/proseka/costume/,Starlight,.webp
Starry Silks (F),0,0,0,0,0,0,1,1,0,0,0,0,0,0,1,../../i/proseka/costume/Starry_Silks_(F).webp,../../i/proseka/costume/,Starry_Silks_(F),.webp
Starry Silks (M),0,0,0,0,0,0,1,1,0,0,0,0,0,1,0,../../i/proseka/costume/Starry_Silks_(M).webp,../../i/proseka/costume/,Starry_Silks_(M),.webp
Stella Clover,,,,,,,,0,0,1,0,0,0,,,../../i/proseka/costume/Stella_Clover.webp,../../i/proseka/costume/,Stella_Clover,.webp
Stella Rock,,,,,,,,0,0,1,0,0,0,,,../../i/proseka/costume/Stella_Rock.webp,../../i/proseka/costume/,Stella_Rock,.webp
Stern Crew,,,,,,,,0,0,1,0,0,0,,,../../i/proseka/costume/Stern_Crew.webp,../../i/proseka/costume/,Stern_Crew,.webp
Street Casual (F),0,0,0,0,0,0,1,0,0,0,0,0,1,0,1,../../i/proseka/costume/Street_Casual_(F).webp,../../i/proseka/costume/,Street_Casual_(F),.webp
Street Casual (M),0,0,0,0,0,0,1,0,0,0,0,0,1,1,0,../../i/proseka/costume/Street_Casual_(M).webp,../../i/proseka/costume/,Street_Casual_(M),.webp
Street Casual Harness Belts,,,,,,,,0,0,0,0,1,0,,,../../i/proseka/costume/Street_Casual_Harness_Belts.webp,../../i/proseka/costume/,Street_Casual_Harness_Belts,.webp
Street Parka (F),0,0,0,0,0,0,1,1,0,0,0,0,0,0,1,../../i/proseka/costume/Street_Parka_(F).webp,../../i/proseka/costume/,Street_Parka_(F),.webp
Street Parka (M),0,0,0,0,0,0,1,1,0,0,0,0,0,1,0,../../i/proseka/costume/Street_Parka_(M).webp,../../i/proseka/costume/,Street_Parka_(M),.webp
Street Style,,,,,,,,0,0,1,0,0,0,,,../../i/proseka/costume/Street_Style.webp,../../i/proseka/costume/,Street_Style,.webp
Strolling Bunny Coordination,,,,,,,,0,0,0,0,0,1,,,../../i/proseka/costume/Strolling_Bunny_Coordination.webp,../../i/proseka/costume/,Strolling_Bunny_Coordination,.webp
Studded Stars Suspenders,,,,,,,,0,0,0,0,1,0,,,../../i/proseka/costume/Studded_Stars_Suspenders.webp,../../i/proseka/costume/,Studded_Stars_Suspenders,.webp
Stylish Tiger Style,,,,,,,,0,0,0,0,1,0,,,../../i/proseka/costume/Stylish_Tiger_Style.webp,../../i/proseka/costume/,Stylish_Tiger_Style,.webp
Sugar Cookie Sprinkle,,,,,,,,0,1,0,0,0,0,,,../../i/proseka/costume/Sugar_Cookie_Sprinkle.webp,../../i/proseka/costume/,Sugar_Cookie_Sprinkle,.webp
Sugar Cookie Swirl,,,,,,,,0,1,0,0,0,0,,,../../i/proseka/costume/Sugar_Cookie_Swirl.webp,../../i/proseka/costume/,Sugar_Cookie_Swirl,.webp
Summer Sky Walker,,,,,,,,0,0,0,0,0,1,,,../../i/proseka/costume/Summer_Sky_Walker.webp,../../i/proseka/costume/,Summer_Sky_Walker,.webp
Summer time Flamingo,,,,,,,,0,0,0,0,0,1,,,../../i/proseka/costume/Summer_time_Flamingo.webp,../../i/proseka/costume/,Summer_time_Flamingo,.webp
Sunny Crew,,,,,,,,0,0,0,1,0,0,,,../../i/proseka/costume/Sunny_Crew.webp,../../i/proseka/costume/,Sunny_Crew,.webp
Sunrise City,,,,,,,,0,0,1,0,0,0,,,../../i/proseka/costume/Sunrise_City.webp,../../i/proseka/costume/,Sunrise_City,.webp
Sunset Beach Girl,,,,,,,,0,0,0,1,0,0,,,../../i/proseka/costume/Sunset_Beach_Girl.webp,../../i/proseka/costume/,Sunset_Beach_Girl,.webp
Supercalifragilistic Balloon Dress,,,,,,,,0,0,0,1,0,0,,,../../i/proseka/costume/Supercalifragilistic_Balloon_Dress.webp,../../i/proseka/costume/,Supercalifragilistic_Balloon_Dress,.webp
Sway Clown,,,,,,,,0,0,1,0,0,0,,,../../i/proseka/costume/Sway_Clown.webp,../../i/proseka/costume/,Sway_Clown,.webp
Swaying Eclair Dress,,,,,,,,0,0,0,1,0,0,,,../../i/proseka/costume/Swaying_Eclair_Dress.webp,../../i/proseka/costume/,Swaying_Eclair_Dress,.webp
Sweet Ghost Girl,,,,,,,,0,1,0,0,0,0,,,../../i/proseka/costume/Sweet_Ghost_Girl.webp,../../i/proseka/costume/,Sweet_Ghost_Girl,.webp
Sweet Night Parade,,,,,,,,0,0,1,0,0,0,,,../../i/proseka/costume/Sweet_Night_Parade.webp,../../i/proseka/costume/,Sweet_Night_Parade,.webp
Sweet Queen Dress,,,,,,,,0,0,1,0,0,0,,,../../i/proseka/costume/Sweet_Queen_Dress.webp,../../i/proseka/costume/,Sweet_Queen_Dress,.webp
Sweetheart Lady,,,,,,,,0,0,0,1,0,0,,,../../i/proseka/costume/Sweetheart_Lady.webp,../../i/proseka/costume/,Sweetheart_Lady,.webp
Sweetie Cup Dress,,,,,,,,0,0,0,0,1,0,,,../../i/proseka/costume/Sweetie_Cup_Dress.webp,../../i/proseka/costume/,Sweetie_Cup_Dress,.webp
Temptation Eerie,,,,,,,,0,0,1,0,0,0,,,../../i/proseka/costume/Temptation_Eerie.webp,../../i/proseka/costume/,Temptation_Eerie,.webp
Tenderness Sister,,,,,,,,0,0,1,0,0,0,,,../../i/proseka/costume/Tenderness_Sister.webp,../../i/proseka/costume/,Tenderness_Sister,.webp
The Female Duke's Bewitching Dress,,,,,,,,0,0,0,1,0,0,,,../../i/proseka/costume/The_Female_Dukes_Bewitching_Dress.webp,../../i/proseka/costume/,The_Female_Dukes_Bewitching_Dress,.webp
The Melody Chaser.,,,,,,,,0,0,0,0,0,1,,,../../i/proseka/costume/The_Melody_Chaser..webp,../../i/proseka/costume/,The_Melody_Chaser.,.webp
Thoughtful Sister,,,,,,,,0,0,1,0,0,0,,,../../i/proseka/costume/Thoughtful_Sister.webp,../../i/proseka/costume/,Thoughtful_Sister,.webp
Tiara Penguin Dress,,,,,,,,0,0,1,0,0,0,,,../../i/proseka/costume/Tiara_Penguin_Dress.webp,../../i/proseka/costume/,Tiara_Penguin_Dress,.webp
Topgear-tone,,,,,,,,0,0,0,1,0,0,,,../../i/proseka/costume/Topgear-tone.webp,../../i/proseka/costume/,Topgear-tone,.webp
Track & Field,,,,,,,,0,0,1,0,0,0,,,../../i/proseka/costume/Track_&_Field.webp,../../i/proseka/costume/,Track_&_Field,.webp
Traditional Mode Girl,,,,,,,,0,0,1,0,0,0,,,../../i/proseka/costume/Traditional_Mode_Girl.webp,../../i/proseka/costume/,Traditional_Mode_Girl,.webp
Traditional Pegasus,,,,,,,,0,0,1,0,0,0,,,../../i/proseka/costume/Traditional_Pegasus.webp,../../i/proseka/costume/,Traditional_Pegasus,.webp
Tranquil School Style,,,,,,,,0,0,0,1,0,0,,,../../i/proseka/costume/Tranquil_School_Style.webp,../../i/proseka/costume/,Tranquil_School_Style,.webp
Traum Singer Tuxedo,,,,,,,,0,0,0,1,0,0,,,../../i/proseka/costume/Traum_Singer_Tuxedo.webp,../../i/proseka/costume/,Traum_Singer_Tuxedo,.webp
Tre Stelle Cook,,,,,,,,0,0,0,0,0,1,,,../../i/proseka/costume/Tre_Stelle_Cook.webp,../../i/proseka/costume/,Tre_Stelle_Cook,.webp
Treat Nightmare Coat,,,,,,,,0,1,0,0,0,0,,,../../i/proseka/costume/Treat_Nightmare_Coat.webp,../../i/proseka/costume/,Treat_Nightmare_Coat,.webp
Trick or Paint,,,,,,,,0,0,0,0,0,1,,,../../i/proseka/costume/Trick_or_Paint.webp,../../i/proseka/costume/,Trick_or_Paint,.webp
Truce Flower,,,,,,,,0,0,1,0,0,0,,,../../i/proseka/costume/Truce_Flower.webp,../../i/proseka/costume/,Truce_Flower,.webp
Twinkle Parade,,,,,,,,0,0,1,0,0,0,,,../../i/proseka/costume/Twinkle_Parade.webp,../../i/proseka/costume/,Twinkle_Parade,.webp
Twinkling Tones,,,,,,,,0,0,1,0,0,0,,,../../i/proseka/costume/Twinkling_Tones.webp,../../i/proseka/costume/,Twinkling_Tones,.webp
USE Dark Star Bureau's Judge Attire,,,,,,,,0,0,0,1,0,0,,,../../i/proseka/costume/USE_Dark_Star_Bureaus_Judge_Attire.webp,../../i/proseka/costume/,USE_Dark_Star_Bureaus_Judge_Attire,.webp
V.B.S. SURVIVOR,,,,,,,,0,0,1,0,0,0,,,../../i/proseka/costume/V.B.S._SURVIVOR.webp,../../i/proseka/costume/,V.B.S._SURVIVOR,.webp
Villain-Like Actor,,,,,,,,0,0,0,1,0,0,,,../../i/proseka/costume/Villain-Like_Actor.webp,../../i/proseka/costume/,Villain-Like_Actor,.webp
Vivid Crew,,,,,,,,0,0,0,1,0,0,,,../../i/proseka/costume/Vivid_Crew.webp,../../i/proseka/costume/,Vivid_Crew,.webp
Vivid Soul,,,,,,,,0,0,0,1,0,0,,,../../i/proseka/costume/Vivid_Soul.webp,../../i/proseka/costume/,Vivid_Soul,.webp
Waffle Ambassador,,,,,,,,0,0,1,0,0,0,,,../../i/proseka/costume/Waffle_Ambassador.webp,../../i/proseka/costume/,Waffle_Ambassador,.webp
Wandering Gunner,,,,,,,,0,0,0,1,0,0,,,../../i/proseka/costume/Wandering_Gunner.webp,../../i/proseka/costume/,Wandering_Gunner,.webp
White Heart Cardigan,,,,,,,,0,0,0,1,0,0,,,../../i/proseka/costume/White_Heart_Cardigan.webp,../../i/proseka/costume/,White_Heart_Cardigan,.webp
Winter Camp Jacket,,,,,,,,0,0,1,0,0,0,,,../../i/proseka/costume/Winter_Camp_Jacket.webp,../../i/proseka/costume/,Winter_Camp_Jacket,.webp
Wolf's Dark Cloak,,,,,,,,0,0,0,1,0,0,,,../../i/proseka/costume/Wolfs_Dark_Cloak.webp,../../i/proseka/costume/,Wolfs_Dark_Cloak,.webp
Wonder ☆ Santa Girl,,,,,,,,0,0,1,0,0,0,,,../../i/proseka/costume/Wonder_☆_Santa_Girl.webp,../../i/proseka/costume/,Wonder_☆_Santa_Girl,.webp
Wonder Magic (F),0,0,0,0,0,0,1,1,0,0,0,0,0,0,1,../../i/proseka/costume/Wonder_Magic_(F).webp,../../i/proseka/costume/,Wonder_Magic_(F),.webp
Wonder Magic (M),0,0,0,0,0,0,1,1,0,0,0,0,0,1,0,../../i/proseka/costume/Wonder_Magic_(M).webp,../../i/proseka/costume/,Wonder_Magic_(M),.webp